PropertyID,SquareFeet,Bedrooms,Bathrooms,HouseAge,LotSize,GarageSize,Neighborhood,Condition,HasPool,Price
5000,1841.0,3,1,7.0,0.53,1,Rural,Fair,0,391812
5001,2488.0,3,2,10.0,1.65,3,Waterfront,Good,1,619282
5002,4045.0,2,1,4.0,1.87,0,Midtown,Good,0,768167
5003,4302.0,1,1,44.0,0.28,2,Downtown,Poor,0,770535
5004,3775.0,1,3,36.0,0.96,1,Suburbs,Good,1,710868
5005,4154.0,4,2,44.0,0.74,1,Suburbs,Fair,0,794135
5006,2934.0,4,3,37.0,1.75,0,Suburbs,Good,0,625133
5007,707.0,2,3,28.0,0.26,0,Waterfront,Excellent,1,276631
5008,3133.0,5,1,4.0,0.5,2,Midtown,Excellent,0,652818
5009,4617.0,1,3,8.0,1.53,3,Waterfront,Good,1,947166
5010,653.0,4,2,47.0,0.2,0,Rural,Poor,1,242051
5011,3866.0,1,3,1.0,1.04,3,Downtown,Good,1,803248
5012,4814.0,2,3,0.0,0.94,2,Downtown,Good,0,886278
5013,2018.0,2,3,39.0,0.74,3,Suburbs,Good,0,501565
5014,3100.0,5,1,29.0,0.85,1,Suburbs,Good,0,653899
5015,2695.0,5,2,10.0,1.11,3,Suburbs,Good,0,616618
5016,4998.0,2,1,27.0,0.41,2,Midtown,Fair,1,903808
5017,4054.0,4,1,43.0,1.19,2,Rural,Good,0,777419
5018,2914.0,1,1,11.0,1.63,2,Rural,Good,0,585358
5019,3349.0,3,1,38.0,1.54,3,Rural,Excellent,1,696888
5020,2242.0,5,1,25.0,0.39,1,Rural,Poor,0,485763
5021,1806.0,3,2,12.0,0.38,0,Suburbs,Good,0,425916
5022,4349.0,4,3,7.0,0.61,1,Downtown,Excellent,0,833924
5023,4668.0,5,1,27.0,0.79,3,Suburbs,Fair,1,906431
5024,4695.0,3,1,29.0,0.88,3,Rural,Good,0,831647
5025,3055.0,4,2,8.0,1.39,0,Suburbs,Good,1,676119
5026,2805.0,1,2,38.0,0.21,3,Rural,Good,0,524813
5027,1588.0,4,3,30.0,0.17,2,Waterfront,Fair,1,434526
5028,3142.0,5,2,20.0,0.84,2,Downtown,Excellent,1,703193
5029,1677.0,2,3,46.0,1.42,2,Waterfront,Fair,0,435690
5030,3494.0,1,1,33.0,0.47,2,Midtown,Fair,0,637922
5031,1059.0,3,1,30.0,1.32,2,Suburbs,Good,0,303653
5032,3464.0,5,3,24.0,0.59,3,Midtown,Good,1,735327
5033,1771.0,2,2,11.0,1.78,0,Suburbs,Good,0,426859
5034,2313.0,4,3,0.0,1.8,0,Waterfront,Fair,0,564738
5035,3415.0,2,2,21.0,0.66,2,Rural,Good,0,647079
5036,1109.0,5,1,39.0,0.54,3,Rural,Good,0,334255
5037,2961.0,5,2,36.0,0.88,1,Suburbs,Good,0,633201
5038,4620.0,2,3,46.0,0.56,1,Rural,Poor,0,822904
5039,783.0,4,3,0.0,1.38,3,Waterfront,Good,0,366248
5040,3428.0,2,1,0.0,1.67,2,Rural,Poor,1,684793
5041,4896.0,5,2,41.0,1.38,0,Waterfront,Good,0,941871
5042,1591.0,5,2,41.0,1.67,3,Midtown,Excellent,0,458961
5043,1316.0,3,2,20.0,0.85,1,Waterfront,Good,1,382762
5044,582.0,3,1,14.0,0.4,1,Downtown,Good,1,287679
5045,2420.0,1,2,16.0,1.5,1,Downtown,Good,1,561552
5046,3991.0,5,3,21.0,0.78,2,Downtown,Excellent,0,855575
5047,,3,2,37.0,1.38,1,Suburbs,Poor,0,733907
5048,2593.0,2,1,34.0,0.61,3,Suburbs,Fair,0,506010
5049,675.0,4,2,44.0,0.25,3,Suburbs,Fair,1,283719
5050,3204.0,2,2,15.0,1.99,1,Waterfront,Excellent,0,719573
5051,869.0,4,3,7.0,0.4,3,Suburbs,Excellent,0,334242
5052,2318.0,3,2,46.0,1.98,1,Midtown,Excellent,0,534463
5053,2601.0,1,3,16.0,1.96,1,Downtown,Fair,0,542033
5054,3990.0,2,3,16.0,1.61,0,Waterfront,Poor,0,780954
5055,2279.0,2,1,25.0,1.35,2,Downtown,Good,0,536329
5056,1864.0,2,3,12.0,1.2,2,Suburbs,Excellent,0,478899
5057,4962.0,4,3,16.0,1.75,0,Waterfront,Good,0,957150
5058,3842.0,3,1,37.0,0.65,0,Rural,Good,1,714855
5059,4176.0,2,3,16.0,0.99,2,Midtown,Good,1,809736
5060,2926.0,2,1,47.0,1.28,1,Suburbs,Fair,1,576733
5061,572.0,1,2,13.0,0.88,1,Suburbs,Fair,1,211747
5062,3462.0,1,1,44.0,0.91,2,Midtown,Excellent,0,648728
5063,1359.0,3,3,5.0,0.73,1,Midtown,Excellent,0,415102
5064,4356.0,3,1,34.0,1.17,0,Rural,Poor,0,781131
5065,4638.0,5,3,45.0,1.72,1,Suburbs,Good,0,921094
5066,2924.0,1,2,13.0,0.48,1,Suburbs,Excellent,0,586799
5067,1564.0,5,1,46.0,1.88,3,Downtown,Excellent,0,450998
5068,2717.0,4,2,7.0,1.41,3,Waterfront,Excellent,0,635857
5069,4517.0,5,3,14.0,1.66,3,Waterfront,Good,0,926932
5070,2759.0,2,3,26.0,1.16,1,Downtown,Fair,0,556794
5071,4251.0,5,2,12.0,1.58,2,Waterfront,Good,0,879735
5072,2586.0,3,1,48.0,0.13,0,Midtown,Good,1,490433
5073,868.0,4,1,30.0,1.65,1,Waterfront,Fair,0,335571
5074,3304.0,2,3,,0.18,2,Waterfront,Good,0,664278
5075,650.0,5,2,5.0,1.79,1,Downtown,Fair,0,331372
5076,1634.0,4,2,4.0,1.98,0,Rural,Fair,0,444055
5077,,4,1,21.0,0.66,1,Waterfront,Excellent,0,687282
5078,4664.0,2,1,48.0,0.5,0,Waterfront,Fair,0,850574
5079,2846.0,5,1,22.0,1.55,1,Rural,Good,0,619229
5080,2750.0,4,2,24.0,0.58,0,Downtown,Poor,0,566743
5081,560.0,4,1,33.0,1.74,1,Rural,Good,1,271734
5082,3510.0,1,1,25.0,0.3,0,Downtown,Poor,1,622081
5083,4401.0,4,3,46.0,0.34,3,Midtown,Fair,0,827417
5084,1837.0,1,1,4.0,1.96,1,Downtown,Good,0,435035
5085,1684.0,5,1,25.0,1.38,1,Midtown,Good,1,481394
5086,4926.0,5,2,19.0,1.71,2,Midtown,Poor,0,941845
5087,2051.0,5,2,5.0,0.72,2,Downtown,Fair,0,502356
5088,4933.0,3,3,5.0,1.39,0,Suburbs,Excellent,0,897937
5089,2129.0,5,1,49.0,1.23,1,Downtown,Fair,1,519004
5090,1827.0,4,3,17.0,1.25,0,Waterfront,Good,0,514813
5091,2026.0,2,2,3.0,1.4,3,Waterfront,Excellent,0,519467
5092,2173.0,1,3,16.0,1.19,2,Suburbs,Good,1,521844
5093,,3,2,13.0,0.92,0,Midtown,Good,0,430049
5094,2073.0,5,3,13.0,0.62,0,Suburbs,Fair,0,473748
5095,3186.0,5,3,12.0,1.56,2,Waterfront,Good,1,735784
5096,4870.0,2,1,6.0,0.53,1,Suburbs,Fair,0,860143
5097,2866.0,2,3,43.0,1.42,0,Downtown,Excellent,0,567888
5098,4257.0,3,1,14.0,0.54,2,Suburbs,Good,0,778251
5099,2934.0,1,1,18.0,1.29,1,Midtown,Good,0,568605
5100,2493.0,5,1,42.0,1.52,3,Downtown,Good,0,567536
5101,1369.0,3,1,46.0,0.52,2,Rural,Excellent,0,307895
5102,1514.0,4,3,43.0,0.21,0,Waterfront,Excellent,0,415145
5103,2411.0,4,2,34.0,0.35,3,Waterfront,Good,1,586338
5104,1102.0,3,2,16.0,1.25,1,Suburbs,Good,0,346985
5105,4321.0,5,2,34.0,1.71,1,Downtown,Good,0,846694
5106,1190.0,3,3,18.0,0.19,2,Rural,Good,0,345699
5107,993.0,5,1,19.0,1.49,2,Downtown,Fair,1,408690
5108,989.0,2,2,35.0,0.75,2,Waterfront,Poor,0,311783
5109,3056.0,3,3,34.0,1.01,1,Downtown,Good,0,630451
5110,4985.0,5,1,,1.86,3,Rural,Good,0,950626
5111,794.0,3,2,47.0,0.73,1,Suburbs,Excellent,0,259333
5112,4527.0,3,1,43.0,0.98,0,Midtown,Poor,0,798286
5113,3343.0,5,2,,0.13,1,Downtown,Excellent,1,723799
5114,3412.0,5,2,23.0,0.26,0,Midtown,Good,0,685914
5115,2217.0,1,2,16.0,0.59,3,Waterfront,Good,0,518426
5116,3096.0,3,1,6.0,0.15,2,Suburbs,Good,0,608764
5117,2373.0,4,3,42.0,1.3,2,Suburbs,Excellent,1,572832
5118,3758.0,3,1,49.0,0.91,1,Downtown,Fair,0,702402
5119,3317.0,3,2,0.0,1.14,2,Suburbs,Excellent,0,670547
5120,944.0,5,1,34.0,0.43,3,Downtown,Fair,0,344916
5121,4141.0,3,3,31.0,0.66,2,Downtown,Excellent,0,843636
5122,4958.0,3,1,35.0,1.36,1,Midtown,Excellent,0,904167
5123,1241.0,4,3,12.0,1.93,3,Suburbs,Poor,0,393543
5124,2541.0,5,3,5.0,0.2,0,Downtown,Excellent,0,577470
5125,1179.0,3,1,13.0,1.79,1,Midtown,Fair,0,341954
5126,2967.0,2,2,36.0,1.2,0,Rural,Good,0,595797
5127,4197.0,1,3,47.0,1.17,3,Midtown,Excellent,0,781173
5128,1858.0,4,1,14.0,1.05,1,Midtown,Poor,0,440421
5129,562.0,3,3,46.0,0.23,1,Downtown,Good,1,250295
5130,3059.0,2,2,3.0,0.27,3,Waterfront,Fair,1,666655
5131,4269.0,3,1,39.0,1.24,2,Waterfront,Excellent,1,851642
5132,4851.0,3,1,15.0,0.75,1,Waterfront,Fair,1,906592
5133,634.0,5,1,27.0,1.84,1,Midtown,Excellent,0,291508
5134,4144.0,5,2,15.0,0.87,0,Downtown,Good,1,869494
5135,2635.0,5,3,3.0,0.37,2,Suburbs,Fair,0,598141
5136,3778.0,2,1,44.0,1.46,0,Midtown,Poor,0,693925
5137,1322.0,3,3,25.0,0.66,0,Midtown,Poor,0,354085
5138,3574.0,1,3,27.0,1.1,2,Downtown,Fair,0,717019
5139,3481.0,4,2,31.0,1.43,2,Rural,Fair,1,706072
5140,620.0,5,1,44.0,1.81,3,Midtown,Excellent,0,303754
5141,2137.0,5,3,1.0,1.61,2,Rural,Good,0,540716
5142,1424.0,3,1,30.0,1.39,1,Rural,Good,1,358582
5143,1144.0,3,1,,1.39,2,Waterfront,Good,0,360658
5144,2532.0,2,2,7.0,1.9,3,Downtown,Good,0,599000
5145,3261.0,2,1,23.0,0.66,3,Rural,Good,1,661253
5146,2568.0,5,1,14.0,0.1,3,Downtown,Excellent,0,604256
5147,741.0,3,3,42.0,0.62,2,Waterfront,Fair,0,285214
5148,3168.0,1,2,30.0,0.51,2,Downtown,Excellent,0,615415
5149,1302.0,4,1,8.0,1.36,0,Midtown,Good,0,349179
5150,4664.0,3,3,38.0,1.3,0,Rural,Good,1,890579
5151,695.0,3,2,44.0,1.23,1,Downtown,Fair,0,286800
5152,2687.0,2,2,1.0,0.13,0,Suburbs,Fair,0,546909
5153,,4,3,7.0,1.48,1,Downtown,Fair,0,840911
5154,2830.0,5,3,6.0,0.71,3,Rural,Excellent,0,647032
5155,,3,3,43.0,1.36,0,Waterfront,Good,1,662903
5156,4106.0,5,3,38.0,1.16,2,Waterfront,Excellent,0,849093
5157,,3,3,41.0,0.75,0,Rural,Good,0,229395
5158,560.0,5,1,15.0,0.36,1,Midtown,Good,0,277111
5159,3890.0,4,1,34.0,0.28,0,Midtown,Excellent,0,708542
5160,2413.0,2,2,29.0,1.68,3,Waterfront,Good,1,587603
5161,4427.0,4,1,9.0,1.84,2,Waterfront,Poor,0,892680
5162,,1,1,37.0,1.33,1,Rural,Poor,0,570614
5163,1066.0,2,1,17.0,0.3,2,Midtown,Good,0,335074
5164,4435.0,4,3,49.0,0.86,2,Waterfront,Excellent,1,870461
5165,2071.0,1,2,4.0,1.48,1,Midtown,Excellent,0,473507
5166,1700.0,3,2,28.0,1.58,2,Waterfront,Good,1,483862
5167,4909.0,3,2,38.0,0.32,2,Downtown,Poor,0,870588
5168,3354.0,5,2,33.0,0.1,0,Suburbs,Excellent,1,677294
5169,3395.0,2,1,42.0,1.45,2,Downtown,Fair,0,651073
5170,1736.0,3,1,44.0,0.78,2,Waterfront,Excellent,0,419505
5171,636.0,2,3,22.0,0.58,2,Suburbs,Poor,0,241380
5172,1529.0,3,2,4.0,0.12,2,Suburbs,Good,0,381706
5173,2656.0,5,1,29.0,1.13,1,Waterfront,Fair,1,629769
5174,3094.0,4,1,5.0,1.72,3,Waterfront,Good,1,729741
5175,1161.0,5,3,45.0,1.92,0,Midtown,Fair,0,386777
5176,2972.0,1,3,43.0,1.17,2,Waterfront,Excellent,0,613548
5177,3177.0,3,3,3.0,1.08,2,Rural,Excellent,0,667917
5178,2808.0,1,1,28.0,0.26,1,Waterfront,Poor,1,581927
5179,586.0,1,1,22.0,1.14,3,Rural,Poor,0,216383
5180,3012.0,2,3,5.0,0.82,2,Waterfront,Fair,0,670085
5181,3442.0,3,2,31.0,1.25,1,Midtown,Fair,0,696533
5182,3273.0,1,3,41.0,0.84,0,Rural,Fair,0,623526
5183,3004.0,4,3,17.0,0.56,0,Downtown,Excellent,0,606915
5184,3810.0,1,3,14.0,0.28,2,Rural,Good,0,702550
5185,2200.0,4,3,39.0,0.7,2,Midtown,Good,0,513141
5186,4170.0,2,1,31.0,0.28,3,Rural,Fair,1,768225
5187,3200.0,1,2,8.0,0.44,3,Waterfront,Good,0,636726
5188,4129.0,5,3,36.0,1.98,2,Waterfront,Excellent,0,878893
5189,2147.0,2,2,9.0,0.94,1,Midtown,Good,0,454725
5190,3818.0,4,2,19.0,1.11,3,Suburbs,Fair,1,795952
5191,,2,2,5.0,1.76,2,Waterfront,Good,0,820174
5192,1096.0,1,3,47.0,1.99,3,Downtown,Excellent,0,343194
5193,984.0,3,1,2.0,1.21,2,Midtown,Excellent,0,341878
5194,1145.0,3,3,41.0,1.64,0,Rural,Good,0,330232
5195,3589.0,4,2,10.0,0.72,2,Rural,Good,0,729559
5196,4884.0,4,2,42.0,0.68,0,Downtown,Fair,1,906157
5197,1220.0,3,1,16.0,0.87,3,Waterfront,Fair,1,395689
5198,998.0,4,3,31.0,1.38,2,Midtown,Fair,0,364132
5199,2173.0,2,2,3.0,1.4,3,Downtown,Good,0,526868
5200,3567.0,5,1,3.0,0.7,0,Waterfront,Fair,1,764434
5201,614.0,5,2,16.0,0.35,2,Midtown,Good,0,306221
5202,3479.0,2,1,40.0,1.3,3,Rural,Good,1,680756
5203,2236.0,5,1,18.0,0.34,0,Midtown,Fair,0,491948
5204,4111.0,1,3,4.0,1.2,3,Suburbs,Excellent,1,827289
5205,2753.0,2,2,31.0,1.42,1,Midtown,Excellent,1,600109
5206,2794.0,4,3,21.0,1.43,0,Suburbs,Fair,1,644533
5207,4130.0,2,2,5.0,1.53,0,Midtown,Good,0,790647
5208,646.0,3,3,34.0,1.76,0,Suburbs,Fair,0,256250
5209,4482.0,4,2,21.0,1.05,2,Rural,Excellent,1,884876
5210,3953.0,3,3,0.0,1.49,2,Waterfront,Fair,0,800710
5211,2910.0,4,1,19.0,1.28,2,Suburbs,Good,0,632804
5212,636.0,5,2,21.0,0.45,1,Suburbs,Excellent,1,286943
5213,3860.0,2,2,47.0,0.15,1,Rural,Fair,1,725331
5214,3505.0,1,1,10.0,0.64,0,Suburbs,Good,1,668363
5215,4052.0,4,3,12.0,0.94,1,Downtown,Good,0,811132
5216,518.0,4,2,41.0,1.27,3,Rural,Excellent,1,299050
5217,2742.0,3,2,2.0,1.71,0,Downtown,Excellent,1,643170
5218,948.0,5,3,8.0,0.47,0,Rural,Good,0,342556
5219,2448.0,3,1,11.0,0.34,3,Suburbs,Excellent,0,553316
5220,1445.0,3,3,22.0,1.93,0,Downtown,Poor,0,410634
5221,4736.0,5,3,13.0,0.31,1,Suburbs,Excellent,0,896023
5222,2420.0,1,3,32.0,1.01,2,Rural,Good,1,515077
5223,3477.0,3,2,17.0,1.21,3,Suburbs,Excellent,0,711175
5224,4688.0,3,1,48.0,1.13,1,Downtown,Good,1,901026
5225,4515.0,4,1,40.0,0.26,3,Downtown,Poor,1,860604
5226,738.0,5,3,8.0,0.21,3,Suburbs,Excellent,0,320306
5227,,2,2,22.0,0.3,0,Midtown,Poor,1,281825
5228,3107.0,1,3,9.0,1.21,0,Rural,Good,0,599186
5229,4840.0,1,2,18.0,1.13,1,Rural,Fair,1,863579
5230,3888.0,5,2,46.0,0.54,3,Suburbs,Good,0,781650
5231,3472.0,4,2,4.0,1.31,0,Midtown,Fair,1,732158
5232,4890.0,4,2,46.0,1.66,0,Downtown,Good,0,897856
5233,3187.0,5,1,22.0,0.18,3,Waterfront,Good,0,700264
5234,4666.0,4,2,29.0,1.05,1,Waterfront,Excellent,1,919194
5235,1848.0,1,2,,1.41,1,Suburbs,Excellent,0,423054
5236,4900.0,1,3,27.0,0.58,3,Midtown,Poor,0,879578
5237,1316.0,2,3,33.0,0.68,1,Midtown,Good,0,353452
5238,1320.0,5,1,44.0,1.27,0,Rural,Good,1,348534
5239,692.0,3,3,47.0,1.81,3,Downtown,Fair,0,300974
5240,2276.0,3,2,46.0,1.64,0,Midtown,Good,0,520573
5241,4145.0,2,3,24.0,1.21,2,Waterfront,Poor,0,824932
5242,750.0,2,1,9.0,1.49,2,Downtown,Fair,0,269431
5243,2288.0,4,3,13.0,0.79,1,Downtown,Good,0,559309
5244,4200.0,2,3,41.0,1.32,2,Suburbs,Fair,0,775979
5245,2963.0,2,1,45.0,0.99,0,Midtown,Excellent,0,569632
5246,1667.0,3,1,29.0,0.46,2,Suburbs,Good,0,390920
5247,4393.0,4,2,40.0,1.43,0,Midtown,Good,0,836682
5248,1596.0,2,3,24.0,1.16,1,Rural,Good,1,428620
5249,3179.0,2,2,13.0,0.78,1,Suburbs,Fair,0,623419
5250,2347.0,4,3,34.0,1.83,0,Suburbs,Poor,0,530758
5251,4404.0,5,3,47.0,0.14,2,Waterfront,Good,0,880410
5252,1004.0,4,2,33.0,0.7,1,Suburbs,Good,0,304060
5253,2121.0,3,3,9.0,0.21,3,Midtown,Poor,1,519192
5254,2972.0,5,3,34.0,1.56,1,Waterfront,Good,0,692937
5255,3046.0,1,3,10.0,1.43,2,Suburbs,Good,0,629440
5256,1887.0,4,1,10.0,0.73,3,Suburbs,Good,0,459655
5257,3494.0,3,2,20.0,1.38,2,Rural,Poor,0,661006
5258,4316.0,5,1,20.0,0.85,0,Suburbs,Good,0,824063
5259,1217.0,4,2,21.0,1.54,3,Downtown,Fair,0,373670
5260,3984.0,2,2,44.0,0.96,2,Waterfront,Fair,0,758112
5261,4934.0,4,3,6.0,0.88,3,Downtown,Good,1,1006384
5262,1158.0,1,2,16.0,1.88,2,Waterfront,Good,0,368251
5263,4508.0,4,1,1.0,0.58,3,Rural,Fair,0,816445
5264,4734.0,5,1,11.0,0.33,2,Suburbs,Good,1,920207
5265,4264.0,5,1,41.0,1.21,0,Suburbs,Fair,1,824012
5266,3489.0,4,2,17.0,1.94,3,Suburbs,Poor,0,709544
5267,2604.0,5,1,10.0,0.82,3,Waterfront,Fair,1,641525
5268,1755.0,2,2,15.0,0.22,3,Suburbs,Fair,1,427274
5269,2982.0,4,1,48.0,0.74,3,Downtown,Fair,0,615317
5270,883.0,2,1,17.0,1.06,0,Suburbs,Fair,0,262511
5271,3107.0,2,2,34.0,0.41,3,Rural,Good,0,591862
5272,693.0,3,1,25.0,1.35,1,Downtown,Excellent,1,308886
5273,4307.0,4,3,15.0,2.0,0,Suburbs,Good,0,839650
5274,4219.0,5,2,5.0,0.96,1,Suburbs,Fair,0,819973
5275,,2,2,43.0,0.77,3,Midtown,Good,1,657444
5276,3065.0,3,2,42.0,0.86,2,Waterfront,Fair,0,653870
5277,3263.0,4,3,46.0,0.32,1,Downtown,Good,0,640220
5278,3298.0,4,2,46.0,1.78,3,Midtown,Fair,0,705506
5279,2839.0,1,1,47.0,0.89,1,Rural,Excellent,0,550129
5280,3906.0,1,1,41.0,0.84,3,Waterfront,Fair,1,780061
5281,1231.0,2,1,11.0,1.35,3,Downtown,Good,0,372956
5282,3372.0,1,2,12.0,0.94,3,Suburbs,Good,1,666739
5283,3620.0,2,1,3.0,1.33,2,Downtown,Good,0,728550
5284,4677.0,5,2,38.0,0.22,1,Suburbs,Fair,0,852411
5285,3104.0,2,1,1.0,1.65,0,Waterfront,Good,1,662956
5286,2882.0,1,3,25.0,1.89,0,Suburbs,Good,0,588346
5287,1031.0,5,3,26.0,1.33,0,Rural,Poor,0,322179
5288,4816.0,1,3,26.0,1.91,0,Suburbs,Fair,0,850904
5289,1134.0,2,3,14.0,0.39,3,Rural,Poor,1,347887
5290,2269.0,3,2,7.0,1.01,1,Waterfront,Good,0,563058
5291,4304.0,4,1,6.0,1.24,1,Waterfront,Good,0,869049
5292,2870.0,1,3,46.0,1.21,2,Downtown,Fair,0,593808
5293,502.0,2,2,45.0,0.86,1,Rural,Good,0,212688
5294,705.0,5,3,,0.74,1,Rural,Fair,1,314116
5295,4635.0,1,3,11.0,0.34,1,Midtown,Good,0,843799
5296,3121.0,1,2,12.0,0.84,2,Midtown,Good,0,630929
5297,3390.0,4,2,42.0,0.41,0,Midtown,Excellent,0,648675
5298,3693.0,2,1,16.0,1.5,1,Suburbs,Good,0,706942
5299,3166.0,3,1,16.0,0.5,2,Midtown,Excellent,1,665186
