CustomerID,Age,Gender,Geography,Income,CreditScore,YearsEmployed,NumProducts,HasCreditCard,IsActive,Balance,Churn
1000,56,Female,Suburban,47795.0,342.0,17,4,1,0,5256.43,1
1001,69,Female,Urban,52709.0,410.0,29,2,0,1,7244.91,1
1002,46,Female,Rural,64472.0,482.0,5,3,1,0,12996.53,1
1003,32,Male,Suburban,34027.0,394.0,18,3,1,0,2882.8,1
1004,60,Female,Urban,,673.0,3,1,1,1,11582.19,0
1005,25,Male,Urban,51586.0,819.0,0,2,1,1,10514.21,0
1006,38,Male,Rural,63810.0,659.0,7,3,0,0,1907.74,0
1007,56,Male,Suburban,46599.0,580.0,28,2,0,1,10159.0,0
1008,36,Male,Suburban,59795.0,494.0,22,4,1,0,2355.4,1
1009,40,Female,Urban,66540.0,494.0,6,3,1,0,1761.06,0
1010,28,Female,Urban,22252.0,392.0,2,3,0,0,5235.91,1
1011,28,Male,Urban,67529.0,360.0,9,2,1,0,1990.32,1
1012,41,Male,Urban,35219.0,350.0,9,3,0,1,4974.08,1
1013,53,Male,Suburban,33590.0,702.0,18,2,1,0,4705.89,0
1014,57,Male,Suburban,6808.0,304.0,13,3,0,1,4144.13,1
1015,41,Female,Suburban,37952.0,765.0,1,1,1,1,2393.56,0
1016,20,Male,Rural,49927.0,833.0,27,2,1,1,3975.9,0
1017,39,Female,Suburban,44250.0,704.0,0,3,0,1,4537.71,0
1018,19,Male,Urban,43062.0,812.0,22,4,1,0,3944.84,0
1019,41,Male,Urban,33312.0,532.0,22,3,1,1,2938.71,0
1020,61,Male,Rural,63008.0,823.0,27,4,0,0,73.88,0
1021,47,Male,Urban,64376.0,645.0,17,4,1,1,4422.29,0
1022,55,Female,Rural,56271.0,345.0,6,1,0,1,922.29,1
1023,19,Female,Suburban,21702.0,845.0,28,2,0,0,5144.16,0
1024,38,Female,Urban,84100.0,377.0,7,3,1,0,7121.94,1
1025,50,Male,Suburban,52204.0,372.0,0,1,1,0,3470.19,1
1026,29,Male,Rural,58094.0,548.0,24,3,1,1,3908.4,0
1027,39,Female,Suburban,27525.0,346.0,22,4,1,1,15128.75,0
1028,61,Female,Rural,49828.0,420.0,2,2,1,0,9392.06,1
1029,42,Male,Rural,56200.0,513.0,23,3,1,0,12280.81,0
1030,66,Male,Urban,47886.0,538.0,22,3,1,0,8403.76,0
1031,44,Female,Urban,,355.0,26,4,0,0,576.6,1
1032,59,Male,Rural,69505.0,,28,3,1,1,806.67,0
1033,45,Male,Suburban,29847.0,406.0,7,3,0,0,3739.32,1
1034,33,Female,Urban,62751.0,347.0,21,4,1,0,1412.28,1
1035,32,Male,Urban,55915.0,636.0,24,1,1,0,3237.96,0
1036,64,Female,Suburban,49929.0,325.0,14,4,0,0,2507.39,1
1037,68,Male,Rural,26437.0,556.0,4,1,1,1,3986.03,0
1038,61,Female,Suburban,72197.0,307.0,2,2,1,0,6869.37,1
1039,69,Male,Suburban,55951.0,552.0,18,1,0,1,6284.95,0
1040,20,Female,Urban,23251.0,602.0,0,1,1,0,3682.72,1
1041,54,Female,Urban,46352.0,355.0,27,2,1,0,8640.92,1
1042,68,Female,Rural,54908.0,825.0,14,1,1,1,2818.16,0
1043,24,Female,Urban,57598.0,773.0,7,4,0,0,11351.28,0
1044,38,Male,Urban,48085.0,327.0,1,1,1,1,369.74,1
1045,26,Male,Urban,55123.0,377.0,2,2,1,1,15467.83,1
1046,56,Female,Suburban,81783.0,515.0,23,4,1,0,5316.61,0
1047,35,Male,Rural,73198.0,685.0,13,2,1,1,2390.78,0
1048,21,Male,Urban,35757.0,664.0,23,2,0,1,1097.96,0
1049,42,Male,Urban,41046.0,825.0,13,3,0,1,3261.78,0
1050,31,Male,Suburban,48331.0,611.0,10,3,1,1,1081.82,0
1051,67,Male,Rural,23763.0,306.0,15,2,1,1,909.6,1
1052,26,Female,Urban,29878.0,302.0,3,2,0,1,4803.2,1
1053,43,Female,Urban,25674.0,662.0,19,2,0,1,3702.08,0
1054,19,Female,Urban,32784.0,807.0,4,3,1,1,5544.77,0
1055,37,Female,Rural,70844.0,573.0,21,3,0,0,13268.23,0
1056,45,Male,Urban,37171.0,805.0,20,1,1,0,3799.22,0
1057,64,Male,Urban,34594.0,,13,1,0,1,4348.61,1
1058,24,Female,Suburban,63242.0,491.0,22,2,0,0,469.5,1
1059,61,Male,Suburban,43260.0,784.0,15,4,0,1,6322.79,0
1060,25,Male,Urban,56279.0,327.0,17,4,0,1,2553.34,1
1061,64,Female,Rural,39077.0,338.0,6,3,1,0,18801.93,1
1062,52,Male,Urban,22971.0,572.0,9,3,0,1,8662.95,0
1063,31,Female,Suburban,57015.0,530.0,6,3,0,1,3695.76,0
1064,34,Female,Urban,26728.0,385.0,0,2,1,1,657.51,1
1065,53,Male,Suburban,42342.0,773.0,22,4,0,1,9809.74,0
1066,67,Male,Urban,39005.0,425.0,20,1,0,0,8041.72,1
1067,57,Female,Rural,52930.0,836.0,18,2,1,1,1020.29,0
1068,21,Female,Suburban,41660.0,444.0,15,1,0,1,1749.76,1
1069,19,Male,Suburban,48083.0,824.0,28,1,1,1,7885.03,0
1070,23,Female,Suburban,26591.0,511.0,18,2,1,0,1024.24,0
1071,59,Female,Suburban,80005.0,324.0,3,1,1,1,12490.11,1
1072,21,Female,Urban,31998.0,693.0,28,4,1,0,2762.82,0
1073,46,Male,Urban,68020.0,366.0,27,1,0,0,455.31,1
1074,35,Female,Rural,52247.0,532.0,17,4,1,1,8457.27,0
1075,43,Male,Urban,52113.0,408.0,1,4,0,1,2338.11,1
1076,61,Female,Suburban,55316.0,445.0,0,4,0,0,3738.01,1
1077,51,Male,Rural,21795.0,,14,3,0,1,595.63,0
1078,27,Female,Urban,64495.0,527.0,4,1,0,0,12.94,0
1079,53,Male,Suburban,42335.0,410.0,19,2,0,0,5080.35,1
1080,31,Male,Urban,68155.0,769.0,10,2,0,1,3619.84,0
1081,48,Male,Suburban,,333.0,9,1,0,1,4501.33,1
1082,65,Female,Urban,44382.0,668.0,1,3,0,0,7893.18,1
1083,32,Female,Urban,30631.0,724.0,2,3,0,0,5200.86,0
1084,25,Female,Suburban,38517.0,817.0,22,4,0,0,960.49,0
1085,31,Male,Suburban,56334.0,581.0,22,1,1,0,2237.47,0
1086,40,Female,Suburban,30381.0,619.0,11,1,1,1,11816.51,0
1087,57,Male,Suburban,20141.0,742.0,19,2,1,1,7347.18,0
1088,38,Female,Urban,37136.0,614.0,4,1,0,1,4066.83,0
1089,33,Male,Suburban,62600.0,676.0,4,3,1,1,1476.19,0
1090,62,Male,Urban,76719.0,588.0,5,1,1,1,1798.11,0
1091,35,Male,Rural,39838.0,736.0,29,2,1,0,6583.06,0
1092,64,Female,Suburban,26767.0,576.0,8,4,0,1,9524.9,0
1093,41,Female,Suburban,44853.0,802.0,1,2,0,1,5564.95,1
1094,43,Female,Rural,52757.0,815.0,20,2,0,1,8291.3,0
1095,42,Male,Urban,58668.0,649.0,11,4,0,1,7276.21,0
1096,62,Male,Suburban,82019.0,745.0,2,2,1,1,810.85,0
1097,58,Female,Urban,53402.0,649.0,19,2,1,0,2757.76,1
1098,46,Female,Rural,74831.0,436.0,25,1,1,0,830.18,1
1099,32,Female,Urban,43056.0,542.0,21,1,1,0,1340.94,0
1100,62,Male,Suburban,51298.0,842.0,11,4,0,1,10172.71,0
1101,18,Male,Rural,41106.0,339.0,23,1,0,0,3201.75,1
1102,42,Male,Urban,39799.0,528.0,16,1,0,0,3832.44,0
1103,24,Male,Urban,46048.0,847.0,9,2,1,1,982.79,0
1104,26,Male,Suburban,45790.0,522.0,29,3,0,1,1871.81,0
1105,41,Female,Urban,40940.0,305.0,23,1,0,1,1308.42,1
1106,18,Male,Urban,,621.0,26,3,1,0,1154.53,0
1107,61,Male,Urban,66451.0,767.0,13,1,1,0,5080.01,1
1108,25,Male,Urban,81696.0,374.0,22,1,0,1,1484.51,1
1109,41,Male,Rural,42523.0,303.0,16,4,0,1,4998.57,0
1110,28,Male,Suburban,45134.0,417.0,17,4,0,0,301.16,1
1111,68,Female,Urban,,803.0,18,4,0,0,764.44,0
1112,34,Male,Urban,97805.0,740.0,16,3,0,1,1604.75,0
1113,25,Male,Urban,51262.0,493.0,13,2,0,1,4544.68,1
1114,52,Male,Urban,64589.0,691.0,8,1,1,0,5632.61,0
1115,52,Female,Urban,73167.0,325.0,7,1,1,1,2923.41,1
1116,50,Female,Urban,55161.0,734.0,1,1,1,0,2951.07,1
1117,22,Female,Urban,63893.0,472.0,12,3,0,0,6446.14,1
1118,59,Male,Suburban,59117.0,599.0,24,4,1,0,79.74,0
1119,56,Female,Urban,65487.0,625.0,6,2,0,0,2085.84,0
1120,58,Male,Suburban,34483.0,709.0,8,3,0,1,8538.21,0
1121,45,Male,Suburban,53064.0,417.0,21,4,1,1,4621.86,1
1122,24,Female,Suburban,57218.0,524.0,21,3,0,0,2056.61,0
1123,26,Male,Suburban,57005.0,831.0,10,2,0,0,11797.09,0
1124,25,Male,Suburban,67055.0,412.0,13,4,1,0,7405.72,1
1125,29,Male,Rural,56703.0,439.0,3,3,1,0,1538.71,1
1126,51,Female,Suburban,32825.0,300.0,25,2,1,0,5182.27,1
1127,50,Male,Suburban,58869.0,389.0,25,1,0,1,4528.62,1
1128,65,Male,Suburban,36753.0,619.0,28,2,1,1,2564.04,0
1129,40,Female,Suburban,39509.0,849.0,12,1,1,1,2286.08,0
1130,41,Male,Urban,43722.0,438.0,1,3,0,1,2104.62,1
1131,54,Male,Urban,48328.0,810.0,22,4,1,0,4800.64,0
1132,52,Female,Urban,26844.0,558.0,4,4,1,0,2920.66,0
1133,61,Male,Rural,66753.0,309.0,10,3,1,0,8914.88,1
1134,57,Male,Suburban,32667.0,560.0,5,4,0,0,5537.3,0
1135,39,Male,Rural,73551.0,,17,4,0,0,362.49,1
1136,44,Male,Suburban,33125.0,312.0,20,1,0,1,5110.59,1
1137,52,Male,Urban,69228.0,467.0,9,3,0,0,1581.42,1
1138,18,Female,Urban,49573.0,620.0,3,2,1,1,4492.4,0
1139,52,Female,Suburban,24253.0,618.0,8,1,0,1,5699.23,0
1140,54,Female,Suburban,34355.0,628.0,5,3,0,1,1312.21,0
1141,64,Female,Rural,69897.0,,1,1,1,1,3051.93,1
1142,31,Male,Urban,56729.0,718.0,16,2,1,0,1055.61,0
1143,20,Male,Suburban,48819.0,394.0,4,2,1,1,268.79,1
1144,18,Male,Suburban,16748.0,617.0,24,3,0,1,2377.91,0
1145,22,Male,Suburban,,535.0,5,2,0,1,2254.49,0
1146,43,Male,Suburban,78056.0,633.0,25,1,0,0,26996.76,0
1147,31,Female,Suburban,75320.0,675.0,11,2,1,0,2956.13,0
1148,56,Female,Urban,40771.0,758.0,22,1,1,0,2029.1,0
1149,44,Male,Suburban,55741.0,436.0,20,1,0,1,4343.16,1
1150,26,Male,Suburban,57382.0,846.0,9,2,1,1,464.79,0
1151,32,Male,Rural,27088.0,812.0,21,3,1,0,16307.06,0
1152,32,Female,Suburban,52707.0,595.0,20,4,1,1,5038.74,0
1153,43,Male,Urban,66065.0,619.0,26,2,0,0,7029.18,0
1154,59,Male,Urban,61467.0,648.0,24,1,1,0,934.53,1
1155,30,Male,Rural,33332.0,528.0,5,1,1,1,2633.74,0
1156,68,Female,Suburban,37060.0,569.0,26,2,0,1,2746.87,0
1157,49,Male,Rural,61858.0,590.0,7,3,0,1,8624.42,0
1158,56,Female,Urban,59492.0,464.0,1,3,1,1,6.19,1
1159,66,Female,Suburban,16187.0,304.0,11,1,1,0,1789.47,1
1160,69,Female,Suburban,13151.0,678.0,12,1,0,0,19879.18,0
1161,49,Female,Rural,48852.0,377.0,24,3,0,0,3220.7,1
1162,21,Female,Urban,41155.0,709.0,20,4,1,0,2410.59,0
1163,47,Female,Suburban,45525.0,431.0,6,2,1,0,638.2,1
1164,54,Male,Suburban,43830.0,341.0,9,1,1,1,18280.05,0
1165,40,Male,Urban,64760.0,388.0,12,1,1,0,101.15,1
1166,56,Male,Suburban,51553.0,701.0,16,3,0,0,6681.43,0
1167,62,Female,Suburban,54014.0,,25,2,1,0,7318.03,1
1168,32,Male,Rural,29865.0,594.0,20,3,1,1,1396.3,0
1169,60,Female,Urban,-461.0,825.0,27,2,0,1,5566.98,0
1170,46,Female,Urban,66853.0,721.0,29,2,1,1,487.67,0
1171,53,Female,Urban,82148.0,322.0,25,2,0,1,1485.61,1
1172,30,Male,Urban,44861.0,,13,1,1,0,7753.53,1
1173,49,Female,Urban,53739.0,444.0,1,4,1,0,10000.79,1
1174,24,Female,Suburban,54867.0,524.0,27,3,0,1,4688.68,0
1175,68,Male,Urban,75129.0,802.0,21,4,0,1,3534.59,0
1176,39,Male,Rural,63334.0,403.0,10,3,1,0,867.63,1
1177,45,Female,Rural,57440.0,338.0,0,2,1,0,325.94,1
1178,19,Female,Suburban,50833.0,497.0,18,1,1,1,625.83,1
1179,59,Male,Rural,50903.0,690.0,20,4,0,1,1289.69,0
1180,62,Male,Suburban,28408.0,478.0,3,1,1,1,2090.28,1
1181,23,Male,Suburban,,747.0,18,3,0,1,2397.52,0
1182,45,Female,Urban,63293.0,799.0,25,1,0,0,2125.7,0
1183,45,Male,Urban,46494.0,314.0,28,1,1,0,1365.97,1
1184,61,Male,Suburban,50665.0,588.0,20,4,0,0,3563.94,0
1185,61,Male,Rural,32358.0,777.0,10,2,1,1,8723.03,0
1186,37,Female,Urban,56682.0,530.0,7,1,1,1,1640.46,0
1187,47,Male,Rural,28073.0,719.0,10,2,1,0,14270.04,0
1188,28,Male,Suburban,54348.0,456.0,3,3,1,0,10331.11,1
1189,45,Male,Urban,47191.0,849.0,16,1,1,0,882.28,0
1190,42,Male,Rural,23850.0,740.0,26,4,0,0,7715.35,0
1191,56,Male,Suburban,66042.0,396.0,6,3,0,1,4273.48,1
1192,50,Female,Urban,47542.0,710.0,7,3,1,0,4180.19,0
1193,18,Female,Suburban,77911.0,588.0,2,4,1,0,2480.04,0
1194,44,Female,Urban,72173.0,553.0,21,1,0,0,3477.28,0
1195,69,Male,Suburban,36807.0,495.0,1,1,0,0,2530.67,1
1196,30,Female,Urban,38124.0,821.0,22,3,0,0,3879.74,0
1197,58,Female,Urban,32420.0,816.0,14,1,0,0,4943.64,0
1198,20,Female,Rural,26203.0,417.0,23,2,1,0,5608.95,1
1199,56,Male,Suburban,43667.0,458.0,21,4,1,1,3801.58,1
1200,23,Male,Urban,71656.0,527.0,21,2,0,1,6390.29,0
1201,25,Female,Urban,21276.0,515.0,4,1,1,1,761.55,0
1202,44,Female,Rural,,314.0,23,3,0,1,1191.17,0
1203,26,Male,Urban,61525.0,456.0,0,4,1,0,8538.98,1
1204,54,Male,Urban,58320.0,560.0,25,1,0,1,1946.94,0
1205,50,Female,Urban,60997.0,456.0,3,1,1,1,115.8,1
1206,68,Male,Urban,33436.0,346.0,14,3,0,0,834.95,1
1207,59,Female,Suburban,61423.0,623.0,19,3,0,0,1265.53,0
1208,61,Male,Suburban,41761.0,429.0,18,2,1,1,15770.46,1
1209,41,Female,Urban,13112.0,710.0,2,4,0,1,4255.34,0
1210,32,Female,Suburban,50861.0,394.0,19,4,1,0,13495.26,1
1211,49,Male,Urban,37338.0,591.0,10,3,1,1,4280.25,0
1212,49,Female,Rural,70382.0,582.0,16,2,0,0,3263.43,0
1213,41,Female,Rural,45704.0,368.0,29,4,1,0,1882.4,1
1214,58,Female,Urban,50684.0,310.0,26,3,1,0,4661.73,1
1215,69,Male,Rural,55837.0,553.0,12,1,1,0,749.45,1
1216,66,Male,Suburban,45988.0,849.0,10,4,1,1,11426.75,0
1217,66,Male,Urban,48442.0,433.0,1,2,1,0,8840.19,1
1218,69,Female,Urban,62653.0,322.0,8,2,0,0,1910.19,1
1219,29,Male,Urban,34005.0,645.0,25,2,1,1,15266.55,0
1220,56,Female,Suburban,39472.0,601.0,1,1,1,0,8720.59,1
1221,19,Female,Rural,35493.0,662.0,20,4,1,1,5487.67,0
1222,20,Male,Suburban,71551.0,695.0,8,4,1,1,649.19,0
1223,66,Male,Rural,,517.0,8,1,1,1,3252.68,0
1224,54,Female,Suburban,47850.0,440.0,7,4,0,0,3527.19,1
1225,66,Female,Suburban,40990.0,509.0,16,1,1,1,1323.42,0
1226,34,Male,Suburban,45377.0,759.0,0,1,0,1,416.72,0
1227,66,Male,Urban,38938.0,655.0,24,1,0,0,7496.72,0
1228,19,Male,Suburban,56940.0,623.0,28,2,0,1,650.74,0
1229,19,Female,Suburban,34387.0,432.0,10,4,0,1,4510.59,1
1230,45,Female,Urban,29713.0,426.0,7,1,1,1,13779.58,1
1231,40,Female,Suburban,41623.0,405.0,9,4,0,1,10441.61,0
1232,54,Female,Urban,38026.0,677.0,24,2,0,1,1626.94,0
1233,49,Female,Suburban,29932.0,350.0,6,1,1,0,9534.12,1
1234,50,Male,Suburban,45149.0,328.0,2,3,1,1,1.66,0
1235,18,Male,Urban,25098.0,761.0,2,2,1,1,89.23,0
1236,36,Female,Urban,75916.0,595.0,17,3,0,0,4613.47,0
1237,19,Female,Urban,27610.0,596.0,4,4,1,0,2269.06,0
1238,61,Male,Rural,40305.0,706.0,11,4,1,0,2442.56,0
1239,43,Male,Urban,43946.0,704.0,11,2,0,1,4155.63,0
1240,49,Male,Rural,75270.0,645.0,18,4,1,0,1064.62,0
1241,23,Male,Urban,24045.0,719.0,29,3,1,1,1189.73,0
1242,49,Female,Rural,52130.0,481.0,5,1,1,1,3314.08,1
1243,21,Male,Rural,65557.0,300.0,1,1,1,0,7017.27,1
1244,28,Female,Urban,45353.0,670.0,11,1,0,0,4831.32,0
1245,34,Male,Suburban,32452.0,730.0,18,2,1,1,1764.52,0
1246,55,Male,Urban,48380.0,608.0,4,4,1,0,2813.55,0
1247,41,Male,Suburban,72906.0,436.0,11,3,0,1,935.65,0
1248,22,Female,Urban,40763.0,501.0,26,4,1,0,387.81,0
1249,69,Female,Urban,71542.0,735.0,26,4,0,0,7632.29,0
1250,51,Male,Urban,53880.0,612.0,16,4,1,0,1542.06,0
1251,23,Female,Urban,68487.0,416.0,28,1,0,1,978.65,1
1252,39,Female,Urban,53280.0,543.0,16,3,0,0,5882.08,0
1253,28,Male,Suburban,42734.0,,9,3,0,1,4812.35,0
1254,65,Male,Rural,74582.0,374.0,24,4,0,1,5014.55,1
1255,33,Female,Urban,53378.0,685.0,22,1,1,1,1299.65,0
1256,50,Female,Suburban,52496.0,509.0,16,1,0,1,1324.03,0
1257,26,Female,Urban,62113.0,774.0,14,3,1,0,1247.45,0
1258,23,Male,Suburban,63862.0,717.0,11,1,0,1,954.31,0
1259,33,Male,Rural,62192.0,646.0,29,1,0,1,5331.55,0
1260,46,Female,Rural,29739.0,828.0,15,1,0,0,9419.9,0
1261,20,Male,Rural,40441.0,478.0,23,2,1,1,6442.53,1
1262,37,Male,Urban,40152.0,481.0,18,4,0,0,7853.34,1
1263,53,Female,Suburban,38313.0,324.0,7,3,1,1,2594.28,0
1264,36,Female,Suburban,36918.0,479.0,20,3,1,0,5307.68,1
1265,43,Male,Urban,39934.0,800.0,16,2,1,1,2186.61,0
1266,20,Male,Rural,55039.0,460.0,22,4,1,0,3727.52,1
1267,36,Female,Urban,57416.0,476.0,4,3,1,1,3285.38,0
1268,37,Male,Suburban,49975.0,584.0,21,1,1,1,973.31,0
1269,49,Male,Urban,,362.0,15,3,1,0,2447.59,1
1270,24,Female,Urban,69131.0,455.0,5,1,1,0,16596.56,1
1271,69,Female,Suburban,48626.0,768.0,7,2,1,0,1428.95,1
1272,58,Male,Suburban,64056.0,348.0,24,1,0,0,718.22,1
1273,50,Male,Urban,41460.0,383.0,17,3,0,1,2711.41,0
1274,57,Male,Urban,56205.0,660.0,24,3,0,1,7811.29,0
1275,56,Female,Suburban,70131.0,447.0,11,3,0,0,4363.14,1
1276,35,Male,Urban,10868.0,641.0,14,2,0,1,5712.43,0
1277,57,Male,Urban,40173.0,775.0,26,2,1,0,1051.72,1
1278,18,Female,Rural,58906.0,362.0,25,4,1,0,4824.1,1
1279,28,Female,Suburban,68192.0,659.0,8,3,1,1,1954.12,0
1280,45,Male,Urban,53046.0,626.0,12,1,1,1,8987.98,0
1281,42,Female,Suburban,50743.0,440.0,25,2,1,1,4961.79,1
1282,67,Female,Suburban,74158.0,514.0,14,3,1,1,1108.57,0
1283,40,Male,Rural,69109.0,734.0,9,3,1,1,333.99,0
1284,48,Female,Suburban,,617.0,15,2,0,1,217.84,0
1285,47,Female,Urban,51746.0,331.0,6,4,0,1,2321.37,0
1286,59,Male,Urban,55402.0,584.0,16,2,0,0,1545.22,1
1287,52,Female,Urban,75778.0,604.0,22,2,0,0,5193.56,0
1288,24,Male,Suburban,62991.0,728.0,25,1,1,0,3459.08,0
1289,33,Male,Urban,48446.0,776.0,20,1,1,0,1546.36,0
1290,43,Female,Suburban,53301.0,585.0,21,4,1,0,808.11,0
1291,65,Female,Urban,21741.0,443.0,25,3,0,1,680.24,1
1292,69,Female,Urban,64529.0,723.0,6,2,1,0,9999.84,0
1293,66,Male,Rural,59685.0,318.0,13,4,1,0,1395.12,1
1294,19,Female,Urban,68182.0,317.0,14,1,1,0,5273.61,1
1295,18,Male,Urban,47839.0,670.0,20,2,0,0,8321.74,0
1296,65,Female,Suburban,51920.0,474.0,6,3,1,0,4760.64,1
1297,29,Female,Urban,42779.0,493.0,8,1,0,0,9815.06,1
1298,22,Female,Suburban,32779.0,801.0,18,1,0,0,2491.14,0
1299,54,Male,Suburban,,412.0,15,1,0,1,15643.14,1
